{
  "Profiles": [
    {
      "Name": "Hermes Nerd Font",
      "Guid": "7D5C40F6-8B4E-4E8F-9C61-1E4B4A6B1D3F",
      "Dynamic Profile Parent Name": "Default",
      "Normal Font": "MesloLGSNFM-Regular 13",
      "Non Ascii Font": "MesloLGSNFM-Regular 13",
      "Use Non-ASCII Font": true,
      "Use Bold Font": true,
      "Use Built-In Powerline Glyphs": true,
      "ASCII Ligatures": false,
      "Transparency": 0.08,
      "Blur": true,
      "Blur Radius": 18,
      "Background Color": {
        "Color Space": "sRGB",
        "Red Component": 0.03529411764705882,
        "Green Component": 0.047058823529411764,
        "Blue Component": 0.08627450980392157,
        "Alpha Component": 1
      },
      "Foreground Color": {
        "Color Space": "sRGB",
        "Red Component": 0.8980392156862745,
        "Green Component": 0.9215686274509803,
        "Blue Component": 0.9607843137254902,
        "Alpha Component": 1
      },
      "Cursor Color": {
        "Color Space": "sRGB",
        "Red Component": 0.5764705882352941,
        "Green Component": 0.6235294117647059,
        "Blue Component": 0.984313725490196,
        "Alpha Component": 1
      },
      "Selected Text Color": {
        "Color Space": "sRGB",
        "Red Component": 0.8980392156862745,
        "Green Component": 0.9215686274509803,
        "Blue Component": 0.9607843137254902,
        "Alpha Component": 1
      },
      "Selection Color": {
        "Color Space": "sRGB",
        "Red Component": 0.19215686274509805,
        "Green Component": 0.2235294117647059,
        "Blue Component": 0.30980392156862746,
        "Alpha Component": 1
      },
      "Ansi 0 Color": {
        "Color Space": "sRGB",
        "Red Component": 0.4196078431372549,
        "Green Component": 0.4470588235294118,
        "Blue Component": 0.5019607843137255,
        "Alpha Component": 1
      },
      "Ansi 0 Color (Dark)": {
        "Color Space": "sRGB",
        "Red Component": 0.4196078431372549,
        "Green Component": 0.4470588235294118,
        "Blue Component": 0.5019607843137255,
        "Alpha Component": 1
      },
      "Ansi 0 Color (Light)": {
        "Color Space": "sRGB",
        "Red Component": 0.4196078431372549,
        "Green Component": 0.4470588235294118,
        "Blue Component": 0.5019607843137255,
        "Alpha Component": 1
      },
      "Ansi 8 Color": {
        "Color Space": "sRGB",
        "Red Component": 0.611764705882353,
        "Green Component": 0.6392156862745098,
        "Blue Component": 0.6862745098039216,
        "Alpha Component": 1
      },
      "Ansi 8 Color (Dark)": {
        "Color Space": "sRGB",
        "Red Component": 0.611764705882353,
        "Green Component": 0.6392156862745098,
        "Blue Component": 0.6862745098039216,
        "Alpha Component": 1
      },
      "Ansi 8 Color (Light)": {
        "Color Space": "sRGB",
        "Red Component": 0.611764705882353,
        "Green Component": 0.6392156862745098,
        "Blue Component": 0.6862745098039216,
        "Alpha Component": 1
      },
      "Minimum Contrast": 0.3,
      "Use Separate Colors for Light and Dark Mode": false,
      "Background Color (Dark)": {
        "Color Space": "sRGB",
        "Red Component": 0.03529411764705882,
        "Green Component": 0.047058823529411764,
        "Blue Component": 0.08627450980392157,
        "Alpha Component": 1
      },
      "Background Color (Light)": {
        "Color Space": "sRGB",
        "Red Component": 0.03529411764705882,
        "Green Component": 0.047058823529411764,
        "Blue Component": 0.08627450980392157,
        "Alpha Component": 1
      },
      "Foreground Color (Dark)": {
        "Color Space": "sRGB",
        "Red Component": 0.8980392156862745,
        "Green Component": 0.9215686274509803,
        "Blue Component": 0.9607843137254902,
        "Alpha Component": 1
      },
      "Foreground Color (Light)": {
        "Color Space": "sRGB",
        "Red Component": 0.8980392156862745,
        "Green Component": 0.9215686274509803,
        "Blue Component": 0.9607843137254902,
        "Alpha Component": 1
      },
      "Bold Color": {
        "Color Space": "sRGB",
        "Red Component": 0.8980392156862745,
        "Green Component": 0.9215686274509803,
        "Blue Component": 0.9607843137254902,
        "Alpha Component": 1
      },
      "Bold Color (Dark)": {
        "Color Space": "sRGB",
        "Red Component": 0.8980392156862745,
        "Green Component": 0.9215686274509803,
        "Blue Component": 0.9607843137254902,
        "Alpha Component": 1
      },
      "Bold Color (Light)": {
        "Color Space": "sRGB",
        "Red Component": 0.8980392156862745,
        "Green Component": 0.9215686274509803,
        "Blue Component": 0.9607843137254902,
        "Alpha Component": 1
      },
      "Cursor Color (Dark)": {
        "Color Space": "sRGB",
        "Red Component": 0.5764705882352941,
        "Green Component": 0.6235294117647059,
        "Blue Component": 0.984313725490196,
        "Alpha Component": 1
      },
      "Cursor Color (Light)": {
        "Color Space": "sRGB",
        "Red Component": 0.5764705882352941,
        "Green Component": 0.6235294117647059,
        "Blue Component": 0.984313725490196,
        "Alpha Component": 1
      },
      "Selected Text Color (Dark)": {
        "Color Space": "sRGB",
        "Red Component": 0.8980392156862745,
        "Green Component": 0.9215686274509803,
        "Blue Component": 0.9607843137254902,
        "Alpha Component": 1
      },
      "Selected Text Color (Light)": {
        "Color Space": "sRGB",
        "Red Component": 0.8980392156862745,
        "Green Component": 0.9215686274509803,
        "Blue Component": 0.9607843137254902,
        "Alpha Component": 1
      },
      "Selection Color (Dark)": {
        "Color Space": "sRGB",
        "Red Component": 0.19215686274509805,
        "Green Component": 0.2235294117647059,
        "Blue Component": 0.30980392156862746,
        "Alpha Component": 1
      },
      "Selection Color (Light)": {
        "Color Space": "sRGB",
        "Red Component": 0.19215686274509805,
        "Green Component": 0.2235294117647059,
        "Blue Component": 0.30980392156862746,
        "Alpha Component": 1
      },
      "Ansi 7 Color": {
        "Color Space": "sRGB",
        "Red Component": 0.7803921568627451,
        "Green Component": 0.803921568627451,
        "Blue Component": 0.8470588235294118,
        "Alpha Component": 1
      },
      "Ansi 7 Color (Dark)": {
        "Color Space": "sRGB",
        "Red Component": 0.7803921568627451,
        "Green Component": 0.803921568627451,
        "Blue Component": 0.8470588235294118,
        "Alpha Component": 1
      },
      "Ansi 7 Color (Light)": {
        "Color Space": "sRGB",
        "Red Component": 0.7803921568627451,
        "Green Component": 0.803921568627451,
        "Blue Component": 0.8470588235294118,
        "Alpha Component": 1
      },
      "Ansi 15 Color": {
        "Color Space": "sRGB",
        "Red Component": 0.9725490196078431,
        "Green Component": 0.9803921568627451,
        "Blue Component": 0.9882352941176471,
        "Alpha Component": 1
      },
      "Ansi 15 Color (Dark)": {
        "Color Space": "sRGB",
        "Red Component": 0.9725490196078431,
        "Green Component": 0.9803921568627451,
        "Blue Component": 0.9882352941176471,
        "Alpha Component": 1
      },
      "Ansi 15 Color (Light)": {
        "Color Space": "sRGB",
        "Red Component": 0.9725490196078431,
        "Green Component": 0.9803921568627451,
        "Blue Component": 0.9882352941176471,
        "Alpha Component": 1
      }
    }
  ]
}
