{
  "Profiles": [
    {
      "Name": "Hermes Nerd Font",
      "Guid": "7D5C40F6-8B4E-4E8F-9C61-1E4B4A6B1D3F",
      "Dynamic Profile Parent Name": "Default",
      "Normal Font": "MesloLGSNFM-Regular 13",
      "Non Ascii Font": "MesloLGSNFM-Regular 13",
      "Use Non-ASCII Font": true,
      "Use Bold Font": true,
      "Use Built-In Powerline Glyphs": true,
      "ASCII Ligatures": false,
      "Transparency": 0.12,
      "Blur": true,
      "Blur Radius": 14,
      "Background Color": {
        "Color Space": "sRGB",
        "Red Component": 0.03529411764705882,
        "Green Component": 0.047058823529411764,
        "Blue Component": 0.08627450980392157,
        "Alpha Component": 1
      },
      "Foreground Color": {
        "Color Space": "sRGB",
        "Red Component": 0.8980392156862745,
        "Green Component": 0.9215686274509803,
        "Blue Component": 0.9607843137254902,
        "Alpha Component": 1
      },
      "Cursor Color": {
        "Color Space": "sRGB",
        "Red Component": 0.5764705882352941,
        "Green Component": 0.6313725490196078,
        "Blue Component": 0.9803921568627451,
        "Alpha Component": 1
      },
      "Selected Text Color": {
        "Color Space": "sRGB",
        "Red Component": 0.8980392156862745,
        "Green Component": 0.9215686274509803,
        "Blue Component": 0.9607843137254902,
        "Alpha Component": 1
      },
      "Selection Color": {
        "Color Space": "sRGB",
        "Red Component": 0.19215686274509805,
        "Green Component": 0.2235294117647059,
        "Blue Component": 0.30980392156862746,
        "Alpha Component": 1
      },
      "Ansi 0 Color": {
        "Color Space": "sRGB",
        "Red Component": 0.4196078431372549,
        "Green Component": 0.4470588235294118,
        "Blue Component": 0.5019607843137255,
        "Alpha Component": 1
      },
      "Ansi 0 Color (Dark)": {
        "Color Space": "sRGB",
        "Red Component": 0.4196078431372549,
        "Green Component": 0.4470588235294118,
        "Blue Component": 0.5019607843137255,
        "Alpha Component": 1
      },
      "Ansi 0 Color (Light)": {
        "Color Space": "sRGB",
        "Red Component": 0.4196078431372549,
        "Green Component": 0.4470588235294118,
        "Blue Component": 0.5019607843137255,
        "Alpha Component": 1
      },
      "Ansi 8 Color": {
        "Color Space": "sRGB",
        "Red Component": 0.611764705882353,
        "Green Component": 0.6392156862745098,
        "Blue Component": 0.6862745098039216,
        "Alpha Component": 1
      },
      "Ansi 8 Color (Dark)": {
        "Color Space": "sRGB",
        "Red Component": 0.611764705882353,
        "Green Component": 0.6392156862745098,
        "Blue Component": 0.6862745098039216,
        "Alpha Component": 1
      },
      "Ansi 8 Color (Light)": {
        "Color Space": "sRGB",
        "Red Component": 0.611764705882353,
        "Green Component": 0.6392156862745098,
        "Blue Component": 0.6862745098039216,
        "Alpha Component": 1
      },
      "Minimum Contrast": 0.25
    }
  ]
}
